text_1	text_2	y
Felt down or depressed for most of the day?	Felt nervous or anxious?	0.719538559
Felt down or depressed for most of the day?	Worried a lot about different things?	0.719244021
Felt down or depressed for most of the day?	Felt physically tense or agitated?	0.731182941
Felt down or depressed for most of the day?	Felt your heart racing, difficulty breathing, stomach discomfort, or dry mouth?	0.665979411
Felt down or depressed for most of the day?	Felt “on edge”?	0.703580795
Felt down or depressed for most of the day?	Had difficulty concentrating?	0.709961188
Felt down or depressed for most of the day?	Been easily annoyed by different things?	0.691486691
Felt down or depressed for most of the day?	Experienced sleep disturbances?	0.608636306
Felt down or depressed for most of the day?	Little interest or pleasure in doing things?	0.738485659
Felt down or depressed for most of the day?	Feeling down, depressed, or hopeless?	0.798613012
Felt down or depressed for most of the day?	Experienced less interest or pleasure from normal activities for most of the day?	0.824578169
Felt down or depressed for most of the day?	Trouble falling or staying asleep, or sleeping too much?	0.573991369
Felt down or depressed for most of the day?	Feeling tired or having little energy?	0.628075543
Felt down or depressed for most of the day?	Poor appetite or overeating?	0.625625193
Felt down or depressed for most of the day?	Feeling bad about yourself - or that you are a failure or have let yourself or your family down?	0.718334673
Felt down or depressed for most of the day?	Trouble concentrating on things, such as reading the newspaper or watching television?	0.683265023
Felt down or depressed for most of the day?	Moving or speaking so slowly that other people could have noticed? Or the opposite - being so fidgety or restless that you have been moving around a lot more than usual?	0.587003714
Felt down or depressed for most of the day?	Thoughts that you would be better off dead, or of hurting yourself in some way?	0.600920196
Felt down or depressed for most of the day?	Feeling nervous, anxious or on edge?	0.704853475
Felt down or depressed for most of the day?	Not being able to stop or control worrying?	0.713992086
Felt down or depressed for most of the day?	Worrying too much about different things?	0.707630359
Felt down or depressed for most of the day?	Have had difficulty concentrating?	0.745340878
Felt down or depressed for most of the day?	Trouble relaxing?	0.681989565
Felt down or depressed for most of the day?	Being so restless that it is hard to sit still?	0.636786179
Felt down or depressed for most of the day?	Becoming easily annoyed or irritable?	0.674674903
Felt down or depressed for most of the day?	Feeling afraid as if something awful might happen?	0.677043543
Felt down or depressed for most of the day?	Having upsetting dreams that replay part of the experience or are clearly related to the experience? 	0.562673826
Felt down or depressed for most of the day?	Having powerful images or memories that sometimes come into your mind in which you feel the experience is happening again in the here and now?	0.573760677
Felt down or depressed for most of the day?	Avoiding internal reminders of the experience (for example, thoughts, feelings, or physical sensations)?	0.583868722
Felt down or depressed for most of the day?	Avoiding external reminders of the experience (for example, people, places, conversations, objects, activities, or situations)?	0.573185499
Felt down or depressed for most of the day?	Being “super-alert”, watchful, or on guard?	0.557325407
Felt down or depressed for most of the day?	Feeling jumpy or easily startled?	0.636484228
Felt down or depressed for most of the day?	Had feelings of worthlessness or guilt?	0.762497555
Felt down or depressed for most of the day?	Felt hopeless?	0.786079462
Felt down or depressed for most of the day?	Had recurrent thoughts of death or suicide?	0.637573254
Felt down or depressed for most of the day?	Have had changes in appetite or sleep?	0.685705495
Felt down or depressed for most of the day?	Moved slower or felt more restless?	0.689346286
Felt down or depressed for most of the day?	Experienced reduced energy or fatigue?	0.709713777
Felt nervous or anxious?	Worried a lot about different things?	0.832041425
Felt nervous or anxious?	Felt physically tense or agitated?	0.79159927
Felt nervous or anxious?	Felt your heart racing, difficulty breathing, stomach discomfort, or dry mouth?	0.681980609
Felt nervous or anxious?	Felt “on edge”?	0.77158662
Felt nervous or anxious?	Had difficulty concentrating?	0.718189686
Felt nervous or anxious?	Been easily annoyed by different things?	0.730037744
Felt nervous or anxious?	Experienced sleep disturbances?	0.654214034
Felt nervous or anxious?	Little interest or pleasure in doing things?	0.635456902
Felt nervous or anxious?	Feeling down, depressed, or hopeless?	0.683160165
Felt nervous or anxious?	Trouble falling or staying asleep, or sleeping too much?	0.557799891
Felt nervous or anxious?	Feeling tired or having little energy?	0.622994618
Felt nervous or anxious?	Poor appetite or overeating?	0.574678951
Felt nervous or anxious?	Feeling bad about yourself - or that you are a failure or have let yourself or your family down?	0.662844971
Felt nervous or anxious?	Trouble concentrating on things, such as reading the newspaper or watching television?	0.634256972
Felt nervous or anxious?	Moving or speaking so slowly that other people could have noticed? Or the opposite - being so fidgety or restless that you have been moving around a lot more than usual?	0.518217728
Felt nervous or anxious?	Thoughts that you would be better off dead, or of hurting yourself in some way?	0.520103319
Felt nervous or anxious?	Feeling nervous, anxious or on edge?	0.790776724
Felt nervous or anxious?	Not being able to stop or control worrying?	0.71758966
Felt nervous or anxious?	Worrying too much about different things?	0.7201673
Felt nervous or anxious?	Trouble relaxing?	0.682095897
Felt nervous or anxious?	Being so restless that it is hard to sit still?	0.592506612
Felt nervous or anxious?	Becoming easily annoyed or irritable?	0.658876964
Felt nervous or anxious?	Feeling afraid as if something awful might happen?	0.676302312
Felt nervous or anxious?	Having upsetting dreams that replay part of the experience or are clearly related to the experience? 	0.541265749
Felt nervous or anxious?	Having powerful images or memories that sometimes come into your mind in which you feel the experience is happening again in the here and now?	0.52759151
Felt nervous or anxious?	Avoiding internal reminders of the experience (for example, thoughts, feelings, or physical sensations)?	0.532971311
Felt nervous or anxious?	Avoiding external reminders of the experience (for example, people, places, conversations, objects, activities, or situations)?	0.53499029
Felt nervous or anxious?	Being “super-alert”, watchful, or on guard?	0.553356973
Felt nervous or anxious?	Feeling jumpy or easily startled?	0.615650349
Worried a lot about different things?	Felt physically tense or agitated?	0.797893464
Worried a lot about different things?	Felt your heart racing, difficulty breathing, stomach discomfort, or dry mouth?	0.700250778
Worried a lot about different things?	Felt “on edge”?	0.768447682
Worried a lot about different things?	Had difficulty concentrating?	0.736362972
Worried a lot about different things?	Been easily annoyed by different things?	0.742656779
Worried a lot about different things?	Experienced sleep disturbances?	0.664513084
Worried a lot about different things?	Little interest or pleasure in doing things?	0.650074509
Worried a lot about different things?	Feeling down, depressed, or hopeless?	0.694097789
Worried a lot about different things?	Trouble falling or staying asleep, or sleeping too much?	0.579238669
Worried a lot about different things?	Feeling tired or having little energy?	0.636562997
Worried a lot about different things?	Poor appetite or overeating?	0.584350199
Worried a lot about different things?	Feeling bad about yourself - or that you are a failure or have let yourself or your family down?	0.662554174
Worried a lot about different things?	Trouble concentrating on things, such as reading the newspaper or watching television?	0.645962991
Worried a lot about different things?	Moving or speaking so slowly that other people could have noticed? Or the opposite - being so fidgety or restless that you have been moving around a lot more than usual?	0.523564609
Worried a lot about different things?	Thoughts that you would be better off dead, or of hurting yourself in some way?	0.530254527
Worried a lot about different things?	Feeling nervous, anxious or on edge?	0.759833137
Worried a lot about different things?	Not being able to stop or control worrying?	0.747915897
Worried a lot about different things?	Worrying too much about different things?	0.781510933
Worried a lot about different things?	Trouble relaxing?	0.703998518
Worried a lot about different things?	Being so restless that it is hard to sit still?	0.594168487
Worried a lot about different things?	Becoming easily annoyed or irritable?	0.667264006
Worried a lot about different things?	Feeling afraid as if something awful might happen?	0.681486738
Worried a lot about different things?	Having upsetting dreams that replay part of the experience or are clearly related to the experience? 	0.554779136
Worried a lot about different things?	Having powerful images or memories that sometimes come into your mind in which you feel the experience is happening again in the here and now?	0.550084734
Worried a lot about different things?	Avoiding internal reminders of the experience (for example, thoughts, feelings, or physical sensations)?	0.551927928
Worried a lot about different things?	Avoiding external reminders of the experience (for example, people, places, conversations, objects, activities, or situations)?	0.560213305
Worried a lot about different things?	Being “super-alert”, watchful, or on guard?	0.557477792
Worried a lot about different things?	Feeling jumpy or easily startled?	0.631242494
Felt physically tense or agitated?	Felt your heart racing, difficulty breathing, stomach discomfort, or dry mouth?	0.740208471
Felt physically tense or agitated?	Felt “on edge”?	0.822267411
Felt physically tense or agitated?	Had difficulty concentrating?	0.777863928
Felt physically tense or agitated?	Been easily annoyed by different things?	0.777088179
Felt physically tense or agitated?	Experienced sleep disturbances?	0.682535488
Felt physically tense or agitated?	Little interest or pleasure in doing things?	0.668259232
Felt physically tense or agitated?	Feeling down, depressed, or hopeless?	0.708985725
Felt physically tense or agitated?	Trouble falling or staying asleep, or sleeping too much?	0.590640842
Felt physically tense or agitated?	Feeling tired or having little energy?	0.658899534
Felt physically tense or agitated?	Poor appetite or overeating?	0.619369811
Felt physically tense or agitated?	Feeling bad about yourself - or that you are a failure or have let yourself or your family down?	0.692510148
Felt physically tense or agitated?	Trouble concentrating on things, such as reading the newspaper or watching television?	0.693420383
Felt physically tense or agitated?	Moving or speaking so slowly that other people could have noticed? Or the opposite - being so fidgety or restless that you have been moving around a lot more than usual?	0.585779478
Felt physically tense or agitated?	Thoughts that you would be better off dead, or of hurting yourself in some way?	0.580867827
Felt physically tense or agitated?	Feeling nervous, anxious or on edge?	0.762568182
Felt physically tense or agitated?	Not being able to stop or control worrying?	0.73223608
Felt physically tense or agitated?	Worrying too much about different things?	0.730846583
Felt physically tense or agitated?	Trouble relaxing?	0.732008911
Felt physically tense or agitated?	Being so restless that it is hard to sit still?	0.658562466
Felt physically tense or agitated?	Becoming easily annoyed or irritable?	0.722621
Felt physically tense or agitated?	Feeling afraid as if something awful might happen?	0.699053095
Felt physically tense or agitated?	Having upsetting dreams that replay part of the experience or are clearly related to the experience? 	0.564637016
Felt physically tense or agitated?	Having powerful images or memories that sometimes come into your mind in which you feel the experience is happening again in the here and now?	0.574181044
Felt physically tense or agitated?	Avoiding internal reminders of the experience (for example, thoughts, feelings, or physical sensations)?	0.601002285
Felt physically tense or agitated?	Avoiding external reminders of the experience (for example, people, places, conversations, objects, activities, or situations)?	0.592483304
Felt physically tense or agitated?	Being “super-alert”, watchful, or on guard?	0.57988053
Felt physically tense or agitated?	Feeling jumpy or easily startled?	0.674734512
Felt your heart racing, difficulty breathing, stomach discomfort, or dry mouth?	Felt “on edge”?	0.770895802
Felt your heart racing, difficulty breathing, stomach discomfort, or dry mouth?	Had difficulty concentrating?	0.727750733
Felt your heart racing, difficulty breathing, stomach discomfort, or dry mouth?	Been easily annoyed by different things?	0.67557302
Felt your heart racing, difficulty breathing, stomach discomfort, or dry mouth?	Experienced sleep disturbances?	0.64141285
Felt your heart racing, difficulty breathing, stomach discomfort, or dry mouth?	Little interest or pleasure in doing things?	0.643625885
Felt your heart racing, difficulty breathing, stomach discomfort, or dry mouth?	Feeling down, depressed, or hopeless?	0.651917416
Felt your heart racing, difficulty breathing, stomach discomfort, or dry mouth?	Trouble falling or staying asleep, or sleeping too much?	0.554684148
Felt your heart racing, difficulty breathing, stomach discomfort, or dry mouth?	Feeling tired or having little energy?	0.58035303
Felt your heart racing, difficulty breathing, stomach discomfort, or dry mouth?	Poor appetite or overeating?	0.609350732
Felt your heart racing, difficulty breathing, stomach discomfort, or dry mouth?	Feeling bad about yourself - or that you are a failure or have let yourself or your family down?	0.644344424
Felt your heart racing, difficulty breathing, stomach discomfort, or dry mouth?	Trouble concentrating on things, such as reading the newspaper or watching television?	0.657324165
Felt your heart racing, difficulty breathing, stomach discomfort, or dry mouth?	Moving or speaking so slowly that other people could have noticed? Or the opposite - being so fidgety or restless that you have been moving around a lot more than usual?	0.621281409
Felt your heart racing, difficulty breathing, stomach discomfort, or dry mouth?	Thoughts that you would be better off dead, or of hurting yourself in some way?	0.605832109
Felt your heart racing, difficulty breathing, stomach discomfort, or dry mouth?	Feeling nervous, anxious or on edge?	0.685806359
Felt your heart racing, difficulty breathing, stomach discomfort, or dry mouth?	Not being able to stop or control worrying?	0.675410986
Felt your heart racing, difficulty breathing, stomach discomfort, or dry mouth?	Worrying too much about different things?	0.670287072
Felt your heart racing, difficulty breathing, stomach discomfort, or dry mouth?	Trouble relaxing?	0.661120653
Felt your heart racing, difficulty breathing, stomach discomfort, or dry mouth?	Being so restless that it is hard to sit still?	0.669931436
Felt your heart racing, difficulty breathing, stomach discomfort, or dry mouth?	Becoming easily annoyed or irritable?	0.635554834
Felt your heart racing, difficulty breathing, stomach discomfort, or dry mouth?	Feeling afraid as if something awful might happen?	0.67268356
Felt your heart racing, difficulty breathing, stomach discomfort, or dry mouth?	Having upsetting dreams that replay part of the experience or are clearly related to the experience? 	0.597889071
Felt your heart racing, difficulty breathing, stomach discomfort, or dry mouth?	Having powerful images or memories that sometimes come into your mind in which you feel the experience is happening again in the here and now?	0.620191431
Felt your heart racing, difficulty breathing, stomach discomfort, or dry mouth?	Avoiding internal reminders of the experience (for example, thoughts, feelings, or physical sensations)?	0.634631763
Felt your heart racing, difficulty breathing, stomach discomfort, or dry mouth?	Avoiding external reminders of the experience (for example, people, places, conversations, objects, activities, or situations)?	0.629073105
Felt your heart racing, difficulty breathing, stomach discomfort, or dry mouth?	Being “super-alert”, watchful, or on guard?	0.593334449
Felt your heart racing, difficulty breathing, stomach discomfort, or dry mouth?	Feeling jumpy or easily startled?	0.673255013
Felt “on edge”?	Had difficulty concentrating?	0.775088102
Felt “on edge”?	Been easily annoyed by different things?	0.768815149
Felt “on edge”?	Experienced sleep disturbances?	0.669065401
Felt “on edge”?	Little interest or pleasure in doing things?	0.665149068
Felt “on edge”?	Feeling down, depressed, or hopeless?	0.691436197
Felt “on edge”?	Trouble falling or staying asleep, or sleeping too much?	0.574073362
Felt “on edge”?	Feeling tired or having little energy?	0.627588655
Felt “on edge”?	Poor appetite or overeating?	0.60390721
Felt “on edge”?	Feeling bad about yourself - or that you are a failure or have let yourself or your family down?	0.68849684
Felt “on edge”?	Trouble concentrating on things, such as reading the newspaper or watching television?	0.676329353
Felt “on edge”?	Moving or speaking so slowly that other people could have noticed? Or the opposite - being so fidgety or restless that you have been moving around a lot more than usual?	0.578709626
Felt “on edge”?	Thoughts that you would be better off dead, or of hurting yourself in some way?	0.584907964
Felt “on edge”?	Feeling nervous, anxious or on edge?	0.770382777
Felt “on edge”?	Not being able to stop or control worrying?	0.717108035
Felt “on edge”?	Worrying too much about different things?	0.723849483
Felt “on edge”?	Trouble relaxing?	0.723326921
Felt “on edge”?	Being so restless that it is hard to sit still?	0.656413896
Felt “on edge”?	Becoming easily annoyed or irritable?	0.692991983
Felt “on edge”?	Feeling afraid as if something awful might happen?	0.713411966
Felt “on edge”?	Having upsetting dreams that replay part of the experience or are clearly related to the experience? 	0.571876439
Felt “on edge”?	Having powerful images or memories that sometimes come into your mind in which you feel the experience is happening again in the here and now?	0.579738253
Felt “on edge”?	Avoiding internal reminders of the experience (for example, thoughts, feelings, or physical sensations)?	0.601952472
Felt “on edge”?	Avoiding external reminders of the experience (for example, people, places, conversations, objects, activities, or situations)?	0.60412081
Felt “on edge”?	Being “super-alert”, watchful, or on guard?	0.599692139
Felt “on edge”?	Feeling jumpy or easily startled?	0.687453653
Had difficulty concentrating?	Been easily annoyed by different things?	0.767050303
Had difficulty concentrating?	Experienced sleep disturbances?	0.69092524
Had difficulty concentrating?	Little interest or pleasure in doing things?	0.689041371
Had difficulty concentrating?	Feeling down, depressed, or hopeless?	0.690347352
Had difficulty concentrating?	Trouble falling or staying asleep, or sleeping too much?	0.595240583
Had difficulty concentrating?	Feeling tired or having little energy?	0.666346319
Had difficulty concentrating?	Poor appetite or overeating?	0.638962183
Had difficulty concentrating?	Feeling bad about yourself - or that you are a failure or have let yourself or your family down?	0.681609686
Had difficulty concentrating?	Trouble concentrating on things, such as reading the newspaper or watching television?	0.785831975
Had difficulty concentrating?	Moving or speaking so slowly that other people could have noticed? Or the opposite - being so fidgety or restless that you have been moving around a lot more than usual?	0.613880409
Had difficulty concentrating?	Thoughts that you would be better off dead, or of hurting yourself in some way?	0.592456662
Had difficulty concentrating?	Feeling nervous, anxious or on edge?	0.710833223
Had difficulty concentrating?	Not being able to stop or control worrying?	0.694313823
Had difficulty concentrating?	Worrying too much about different things?	0.702543958
Had difficulty concentrating?	Trouble relaxing?	0.727070391
Had difficulty concentrating?	Being so restless that it is hard to sit still?	0.674574871
Had difficulty concentrating?	Becoming easily annoyed or irritable?	0.69187824
Had difficulty concentrating?	Feeling afraid as if something awful might happen?	0.658545666
Had difficulty concentrating?	Having upsetting dreams that replay part of the experience or are clearly related to the experience? 	0.555511967
Had difficulty concentrating?	Having powerful images or memories that sometimes come into your mind in which you feel the experience is happening again in the here and now?	0.576114865
Had difficulty concentrating?	Avoiding internal reminders of the experience (for example, thoughts, feelings, or physical sensations)?	0.58523891
Had difficulty concentrating?	Avoiding external reminders of the experience (for example, people, places, conversations, objects, activities, or situations)?	0.587793696
Had difficulty concentrating?	Being “super-alert”, watchful, or on guard?	0.575389719
Had difficulty concentrating?	Feeling jumpy or easily startled?	0.659329284
Been easily annoyed by different things?	Experienced sleep disturbances?	0.68507434
Been easily annoyed by different things?	Little interest or pleasure in doing things?	0.634411434
Been easily annoyed by different things?	Feeling down, depressed, or hopeless?	0.665352979
Been easily annoyed by different things?	Trouble falling or staying asleep, or sleeping too much?	0.571964974
Been easily annoyed by different things?	Feeling tired or having little energy?	0.634773356
Been easily annoyed by different things?	Poor appetite or overeating?	0.613047964
Been easily annoyed by different things?	Feeling bad about yourself - or that you are a failure or have let yourself or your family down?	0.650133175
Been easily annoyed by different things?	Trouble concentrating on things, such as reading the newspaper or watching television?	0.650395832
Been easily annoyed by different things?	Moving or speaking so slowly that other people could have noticed? Or the opposite - being so fidgety or restless that you have been moving around a lot more than usual?	0.552819136
Been easily annoyed by different things?	Thoughts that you would be better off dead, or of hurting yourself in some way?	0.551010408
Been easily annoyed by different things?	Feeling nervous, anxious or on edge?	0.682762231
Been easily annoyed by different things?	Not being able to stop or control worrying?	0.658287836
Been easily annoyed by different things?	Worrying too much about different things?	0.677210508
Been easily annoyed by different things?	Trouble relaxing?	0.661807693
Been easily annoyed by different things?	Being so restless that it is hard to sit still?	0.602301486
Been easily annoyed by different things?	Becoming easily annoyed or irritable?	0.785353339
Been easily annoyed by different things?	Feeling afraid as if something awful might happen?	0.631321126
Been easily annoyed by different things?	Having upsetting dreams that replay part of the experience or are clearly related to the experience? 	0.517784072
Been easily annoyed by different things?	Having powerful images or memories that sometimes come into your mind in which you feel the experience is happening again in the here and now?	0.525406499
Been easily annoyed by different things?	Avoiding internal reminders of the experience (for example, thoughts, feelings, or physical sensations)?	0.542106336
Been easily annoyed by different things?	Avoiding external reminders of the experience (for example, people, places, conversations, objects, activities, or situations)?	0.54611641
Been easily annoyed by different things?	Being “super-alert”, watchful, or on guard?	0.538688828
Been easily annoyed by different things?	Feeling jumpy or easily startled?	0.619407036
Experienced sleep disturbances?	Little interest or pleasure in doing things?	0.600998114
Experienced sleep disturbances?	Feeling down, depressed, or hopeless?	0.599664003
Experienced sleep disturbances?	Trouble falling or staying asleep, or sleeping too much?	0.779098604
Experienced sleep disturbances?	Feeling tired or having little energy?	0.658877403
Experienced sleep disturbances?	Poor appetite or overeating?	0.614417738
Experienced sleep disturbances?	Feeling bad about yourself - or that you are a failure or have let yourself or your family down?	0.591025659
Experienced sleep disturbances?	Trouble concentrating on things, such as reading the newspaper or watching television?	0.61649014
Experienced sleep disturbances?	Moving or speaking so slowly that other people could have noticed? Or the opposite - being so fidgety or restless that you have been moving around a lot more than usual?	0.498154467
Experienced sleep disturbances?	Thoughts that you would be better off dead, or of hurting yourself in some way?	0.492553458
Experienced sleep disturbances?	Feeling nervous, anxious or on edge?	0.620679187
Experienced sleep disturbances?	Not being able to stop or control worrying?	0.605235423
Experienced sleep disturbances?	Worrying too much about different things?	0.624687668
Experienced sleep disturbances?	Trouble relaxing?	0.643941187
Experienced sleep disturbances?	Being so restless that it is hard to sit still?	0.563205196
Experienced sleep disturbances?	Becoming easily annoyed or irritable?	0.605965593
Experienced sleep disturbances?	Feeling afraid as if something awful might happen?	0.580187921
Experienced sleep disturbances?	Having upsetting dreams that replay part of the experience or are clearly related to the experience? 	0.507490615
Experienced sleep disturbances?	Having powerful images or memories that sometimes come into your mind in which you feel the experience is happening again in the here and now?	0.505388201
Experienced sleep disturbances?	Avoiding internal reminders of the experience (for example, thoughts, feelings, or physical sensations)?	0.520820923
Experienced sleep disturbances?	Avoiding external reminders of the experience (for example, people, places, conversations, objects, activities, or situations)?	0.506494743
Experienced sleep disturbances?	Being “super-alert”, watchful, or on guard?	0.48459403
Experienced sleep disturbances?	Feeling jumpy or easily startled?	0.562818468
Little interest or pleasure in doing things?	Feeling down, depressed, or hopeless?	0.799762638
Little interest or pleasure in doing things?	Trouble falling or staying asleep, or sleeping too much?	0.594170002
Little interest or pleasure in doing things?	Feeling tired or having little energy?	0.686488122
Little interest or pleasure in doing things?	Poor appetite or overeating?	0.656413329
Little interest or pleasure in doing things?	Feeling bad about yourself - or that you are a failure or have let yourself or your family down?	0.716858055
Little interest or pleasure in doing things?	Trouble concentrating on things, such as reading the newspaper or watching television?	0.722271176
Little interest or pleasure in doing things?	Moving or speaking so slowly that other people could have noticed? Or the opposite - being so fidgety or restless that you have been moving around a lot more than usual?	0.616257071
Little interest or pleasure in doing things?	Thoughts that you would be better off dead, or of hurting yourself in some way?	0.604384182
Little interest or pleasure in doing things?	Feeling nervous, anxious or on edge?	0.711611084
Little interest or pleasure in doing things?	Not being able to stop or control worrying?	0.693547437
Little interest or pleasure in doing things?	Worrying too much about different things?	0.699800479
Little interest or pleasure in doing things?	Trouble relaxing?	0.692536611
Little interest or pleasure in doing things?	Being so restless that it is hard to sit still?	0.639535366
Little interest or pleasure in doing things?	Becoming easily annoyed or irritable?	0.674179876
Little interest or pleasure in doing things?	Feeling afraid as if something awful might happen?	0.679946786
Little interest or pleasure in doing things?	Having upsetting dreams that replay part of the experience or are clearly related to the experience? 	0.541090807
Little interest or pleasure in doing things?	Having powerful images or memories that sometimes come into your mind in which you feel the experience is happening again in the here and now?	0.56592816
Little interest or pleasure in doing things?	Avoiding internal reminders of the experience (for example, thoughts, feelings, or physical sensations)?	0.569506332
Little interest or pleasure in doing things?	Avoiding external reminders of the experience (for example, people, places, conversations, objects, activities, or situations)?	0.566351476
Little interest or pleasure in doing things?	Being “super-alert”, watchful, or on guard?	0.539648726
Little interest or pleasure in doing things?	Feeling jumpy or easily startled?	0.604965279
Feeling down, depressed, or hopeless?	Trouble falling or staying asleep, or sleeping too much?	0.624204645
Feeling down, depressed, or hopeless?	Feeling tired or having little energy?	0.674622858
Feeling down, depressed, or hopeless?	Poor appetite or overeating?	0.657436753
Feeling down, depressed, or hopeless?	Feeling bad about yourself - or that you are a failure or have let yourself or your family down?	0.7704287
Feeling down, depressed, or hopeless?	Trouble concentrating on things, such as reading the newspaper or watching television?	0.722819269
Feeling down, depressed, or hopeless?	Moving or speaking so slowly that other people could have noticed? Or the opposite - being so fidgety or restless that you have been moving around a lot more than usual?	0.586269713
Feeling down, depressed, or hopeless?	Thoughts that you would be better off dead, or of hurting yourself in some way?	0.600722772
Feeling down, depressed, or hopeless?	Feeling nervous, anxious or on edge?	0.759588397
Feeling down, depressed, or hopeless?	Not being able to stop or control worrying?	0.756306014
Feeling down, depressed, or hopeless?	Worrying too much about different things?	0.74068297
Feeling down, depressed, or hopeless?	Trouble relaxing?	0.713021833
Feeling down, depressed, or hopeless?	Being so restless that it is hard to sit still?	0.634569723
Feeling down, depressed, or hopeless?	Becoming easily annoyed or irritable?	0.702804302
Feeling down, depressed, or hopeless?	Feeling afraid as if something awful might happen?	0.710500203
Feeling down, depressed, or hopeless?	Having upsetting dreams that replay part of the experience or are clearly related to the experience? 	0.528782709
Feeling down, depressed, or hopeless?	Having powerful images or memories that sometimes come into your mind in which you feel the experience is happening again in the here and now?	0.551435169
Feeling down, depressed, or hopeless?	Avoiding internal reminders of the experience (for example, thoughts, feelings, or physical sensations)?	0.564009447
Feeling down, depressed, or hopeless?	Avoiding external reminders of the experience (for example, people, places, conversations, objects, activities, or situations)?	0.562177904
Feeling down, depressed, or hopeless?	Being “super-alert”, watchful, or on guard?	0.539491681
Feeling down, depressed, or hopeless?	Feeling jumpy or easily startled?	0.605788435
Experienced less interest or pleasure from normal activities for most of the day?	Felt nervous or anxious?	0.692378829
Experienced less interest or pleasure from normal activities for most of the day?	Worried a lot about different things?	0.713513755
Experienced less interest or pleasure from normal activities for most of the day?	Felt physically tense or agitated?	0.72268682
Experienced less interest or pleasure from normal activities for most of the day?	Felt your heart racing, difficulty breathing, stomach discomfort, or dry mouth?	0.667517105
Experienced less interest or pleasure from normal activities for most of the day?	Felt “on edge”?	0.704718543
Experienced less interest or pleasure from normal activities for most of the day?	Had difficulty concentrating?	0.742258801
Experienced less interest or pleasure from normal activities for most of the day?	Been easily annoyed by different things?	0.697129991
Experienced less interest or pleasure from normal activities for most of the day?	Experienced sleep disturbances?	0.6357854
Experienced less interest or pleasure from normal activities for most of the day?	Little interest or pleasure in doing things?	0.786088399
Experienced less interest or pleasure from normal activities for most of the day?	Feeling down, depressed, or hopeless?	0.755533727
Experienced less interest or pleasure from normal activities for most of the day?	Trouble falling or staying asleep, or sleeping too much?	0.599988422
Experienced less interest or pleasure from normal activities for most of the day?	Feeling tired or having little energy?	0.652783127
Experienced less interest or pleasure from normal activities for most of the day?	Poor appetite or overeating?	0.651145654
Experienced less interest or pleasure from normal activities for most of the day?	Feeling bad about yourself - or that you are a failure or have let yourself or your family down?	0.70477442
Experienced less interest or pleasure from normal activities for most of the day?	Trouble concentrating on things, such as reading the newspaper or watching television?	0.708355552
Experienced less interest or pleasure from normal activities for most of the day?	Moving or speaking so slowly that other people could have noticed? Or the opposite - being so fidgety or restless that you have been moving around a lot more than usual?	0.62370086
Experienced less interest or pleasure from normal activities for most of the day?	Thoughts that you would be better off dead, or of hurting yourself in some way?	0.606249699
Experienced less interest or pleasure from normal activities for most of the day?	Feeling nervous, anxious or on edge?	0.691004881
Experienced less interest or pleasure from normal activities for most of the day?	Not being able to stop or control worrying?	0.695976862
Experienced less interest or pleasure from normal activities for most of the day?	Worrying too much about different things?	0.707556965
Experienced less interest or pleasure from normal activities for most of the day?	Have had difficulty concentrating?	0.78788931
Experienced less interest or pleasure from normal activities for most of the day?	Trouble relaxing?	0.700221247
Experienced less interest or pleasure from normal activities for most of the day?	Being so restless that it is hard to sit still?	0.653728453
Experienced less interest or pleasure from normal activities for most of the day?	Becoming easily annoyed or irritable?	0.673681901
Experienced less interest or pleasure from normal activities for most of the day?	Feeling afraid as if something awful might happen?	0.662338297
Experienced less interest or pleasure from normal activities for most of the day?	Having upsetting dreams that replay part of the experience or are clearly related to the experience? 	0.578209409
Experienced less interest or pleasure from normal activities for most of the day?	Having powerful images or memories that sometimes come into your mind in which you feel the experience is happening again in the here and now?	0.593609768
Experienced less interest or pleasure from normal activities for most of the day?	Avoiding internal reminders of the experience (for example, thoughts, feelings, or physical sensations)?	0.610354007
Experienced less interest or pleasure from normal activities for most of the day?	Avoiding external reminders of the experience (for example, people, places, conversations, objects, activities, or situations)?	0.612812468
Experienced less interest or pleasure from normal activities for most of the day?	Being “super-alert”, watchful, or on guard?	0.583587356
Experienced less interest or pleasure from normal activities for most of the day?	Feeling jumpy or easily startled?	0.663437317
Experienced less interest or pleasure from normal activities for most of the day?	Had feelings of worthlessness or guilt?	0.765936747
Experienced less interest or pleasure from normal activities for most of the day?	Felt hopeless?	0.78104792
Experienced less interest or pleasure from normal activities for most of the day?	Had recurrent thoughts of death or suicide?	0.649303996
Experienced less interest or pleasure from normal activities for most of the day?	Have had changes in appetite or sleep?	0.70591608
Experienced less interest or pleasure from normal activities for most of the day?	Moved slower or felt more restless?	0.731074611
Experienced less interest or pleasure from normal activities for most of the day?	Experienced reduced energy or fatigue?	0.744083586
Trouble falling or staying asleep, or sleeping too much?	Feeling tired or having little energy?	0.704627051
Trouble falling or staying asleep, or sleeping too much?	Poor appetite or overeating?	0.622259041
Trouble falling or staying asleep, or sleeping too much?	Feeling bad about yourself - or that you are a failure or have let yourself or your family down?	0.583663501
Trouble falling or staying asleep, or sleeping too much?	Trouble concentrating on things, such as reading the newspaper or watching television?	0.617718323
Trouble falling or staying asleep, or sleeping too much?	Moving or speaking so slowly that other people could have noticed? Or the opposite - being so fidgety or restless that you have been moving around a lot more than usual?	0.480675965
Trouble falling or staying asleep, or sleeping too much?	Thoughts that you would be better off dead, or of hurting yourself in some way?	0.469207744
Trouble falling or staying asleep, or sleeping too much?	Feeling nervous, anxious or on edge?	0.603888124
Trouble falling or staying asleep, or sleeping too much?	Not being able to stop or control worrying?	0.589443863
Trouble falling or staying asleep, or sleeping too much?	Worrying too much about different things?	0.613042776
Trouble falling or staying asleep, or sleeping too much?	Trouble relaxing?	0.637586464
Trouble falling or staying asleep, or sleeping too much?	Being so restless that it is hard to sit still?	0.541770676
Trouble falling or staying asleep, or sleeping too much?	Becoming easily annoyed or irritable?	0.583625146
Trouble falling or staying asleep, or sleeping too much?	Feeling afraid as if something awful might happen?	0.551794187
Trouble falling or staying asleep, or sleeping too much?	Having upsetting dreams that replay part of the experience or are clearly related to the experience? 	0.451609271
Trouble falling or staying asleep, or sleeping too much?	Having powerful images or memories that sometimes come into your mind in which you feel the experience is happening again in the here and now?	0.457217719
Trouble falling or staying asleep, or sleeping too much?	Avoiding internal reminders of the experience (for example, thoughts, feelings, or physical sensations)?	0.460943472
Trouble falling or staying asleep, or sleeping too much?	Avoiding external reminders of the experience (for example, people, places, conversations, objects, activities, or situations)?	0.460321211
Trouble falling or staying asleep, or sleeping too much?	Being “super-alert”, watchful, or on guard?	0.444259277
Trouble falling or staying asleep, or sleeping too much?	Feeling jumpy or easily startled?	0.511780898
Feeling tired or having little energy?	Poor appetite or overeating?	0.649716355
Feeling tired or having little energy?	Feeling bad about yourself - or that you are a failure or have let yourself or your family down?	0.638258454
Feeling tired or having little energy?	Trouble concentrating on things, such as reading the newspaper or watching television?	0.665889112
Feeling tired or having little energy?	Moving or speaking so slowly that other people could have noticed? Or the opposite - being so fidgety or restless that you have been moving around a lot more than usual?	0.500737565
Feeling tired or having little energy?	Thoughts that you would be better off dead, or of hurting yourself in some way?	0.488008629
Feeling tired or having little energy?	Feeling nervous, anxious or on edge?	0.658662403
Feeling tired or having little energy?	Not being able to stop or control worrying?	0.641540946
Feeling tired or having little energy?	Worrying too much about different things?	0.653351682
Feeling tired or having little energy?	Trouble relaxing?	0.681820672
Feeling tired or having little energy?	Being so restless that it is hard to sit still?	0.557871412
Feeling tired or having little energy?	Becoming easily annoyed or irritable?	0.650956592
Feeling tired or having little energy?	Feeling afraid as if something awful might happen?	0.598023282
Feeling tired or having little energy?	Having upsetting dreams that replay part of the experience or are clearly related to the experience? 	0.446690344
Feeling tired or having little energy?	Having powerful images or memories that sometimes come into your mind in which you feel the experience is happening again in the here and now?	0.460802914
Feeling tired or having little energy?	Avoiding internal reminders of the experience (for example, thoughts, feelings, or physical sensations)?	0.475506962
Feeling tired or having little energy?	Avoiding external reminders of the experience (for example, people, places, conversations, objects, activities, or situations)?	0.468192923
Feeling tired or having little energy?	Being “super-alert”, watchful, or on guard?	0.460698365
Feeling tired or having little energy?	Feeling jumpy or easily startled?	0.533795461
Poor appetite or overeating?	Feeling bad about yourself - or that you are a failure or have let yourself or your family down?	0.652927314
Poor appetite or overeating?	Trouble concentrating on things, such as reading the newspaper or watching television?	0.663285573
Poor appetite or overeating?	Moving or speaking so slowly that other people could have noticed? Or the opposite - being so fidgety or restless that you have been moving around a lot more than usual?	0.595950699
Poor appetite or overeating?	Thoughts that you would be better off dead, or of hurting yourself in some way?	0.580962662
Poor appetite or overeating?	Feeling nervous, anxious or on edge?	0.612166478
Poor appetite or overeating?	Not being able to stop or control worrying?	0.624126916
Poor appetite or overeating?	Worrying too much about different things?	0.610988526
Poor appetite or overeating?	Trouble relaxing?	0.625504318
Poor appetite or overeating?	Being so restless that it is hard to sit still?	0.617172723
Poor appetite or overeating?	Becoming easily annoyed or irritable?	0.615642371
Poor appetite or overeating?	Feeling afraid as if something awful might happen?	0.613297318
Poor appetite or overeating?	Having upsetting dreams that replay part of the experience or are clearly related to the experience? 	0.500256203
Poor appetite or overeating?	Having powerful images or memories that sometimes come into your mind in which you feel the experience is happening again in the here and now?	0.520868457
Poor appetite or overeating?	Avoiding internal reminders of the experience (for example, thoughts, feelings, or physical sensations)?	0.539343749
Poor appetite or overeating?	Avoiding external reminders of the experience (for example, people, places, conversations, objects, activities, or situations)?	0.532825799
Poor appetite or overeating?	Being “super-alert”, watchful, or on guard?	0.502592273
Poor appetite or overeating?	Feeling jumpy or easily startled?	0.557998554
Feeling bad about yourself - or that you are a failure or have let yourself or your family down?	Trouble concentrating on things, such as reading the newspaper or watching television?	0.718755859
Feeling bad about yourself - or that you are a failure or have let yourself or your family down?	Moving or speaking so slowly that other people could have noticed? Or the opposite - being so fidgety or restless that you have been moving around a lot more than usual?	0.63787767
Feeling bad about yourself - or that you are a failure or have let yourself or your family down?	Thoughts that you would be better off dead, or of hurting yourself in some way?	0.682101424
Feeling bad about yourself - or that you are a failure or have let yourself or your family down?	Feeling nervous, anxious or on edge?	0.7129904
Feeling bad about yourself - or that you are a failure or have let yourself or your family down?	Not being able to stop or control worrying?	0.724796847
Feeling bad about yourself - or that you are a failure or have let yourself or your family down?	Worrying too much about different things?	0.716626864
Feeling bad about yourself - or that you are a failure or have let yourself or your family down?	Trouble relaxing?	0.684347455
Feeling bad about yourself - or that you are a failure or have let yourself or your family down?	Being so restless that it is hard to sit still?	0.665335979
Feeling bad about yourself - or that you are a failure or have let yourself or your family down?	Becoming easily annoyed or irritable?	0.680205251
Feeling bad about yourself - or that you are a failure or have let yourself or your family down?	Feeling afraid as if something awful might happen?	0.730848428
Feeling bad about yourself - or that you are a failure or have let yourself or your family down?	Having upsetting dreams that replay part of the experience or are clearly related to the experience? 	0.571587603
Feeling bad about yourself - or that you are a failure or have let yourself or your family down?	Having powerful images or memories that sometimes come into your mind in which you feel the experience is happening again in the here and now?	0.580472664
Feeling bad about yourself - or that you are a failure or have let yourself or your family down?	Avoiding internal reminders of the experience (for example, thoughts, feelings, or physical sensations)?	0.592707097
Feeling bad about yourself - or that you are a failure or have let yourself or your family down?	Avoiding external reminders of the experience (for example, people, places, conversations, objects, activities, or situations)?	0.600585204
Feeling bad about yourself - or that you are a failure or have let yourself or your family down?	Being “super-alert”, watchful, or on guard?	0.582416043
Feeling bad about yourself - or that you are a failure or have let yourself or your family down?	Feeling jumpy or easily startled?	0.613873778
Trouble concentrating on things, such as reading the newspaper or watching television?	Moving or speaking so slowly that other people could have noticed? Or the opposite - being so fidgety or restless that you have been moving around a lot more than usual?	0.661901611
Trouble concentrating on things, such as reading the newspaper or watching television?	Thoughts that you would be better off dead, or of hurting yourself in some way?	0.629425368
Trouble concentrating on things, such as reading the newspaper or watching television?	Feeling nervous, anxious or on edge?	0.709842683
Trouble concentrating on things, such as reading the newspaper or watching television?	Not being able to stop or control worrying?	0.717764378
Trouble concentrating on things, such as reading the newspaper or watching television?	Worrying too much about different things?	0.706099351
Trouble concentrating on things, such as reading the newspaper or watching television?	Trouble relaxing?	0.731755031
Trouble concentrating on things, such as reading the newspaper or watching television?	Being so restless that it is hard to sit still?	0.703809225
Trouble concentrating on things, such as reading the newspaper or watching television?	Becoming easily annoyed or irritable?	0.689802065
Trouble concentrating on things, such as reading the newspaper or watching television?	Feeling afraid as if something awful might happen?	0.685155748
Trouble concentrating on things, such as reading the newspaper or watching television?	Having upsetting dreams that replay part of the experience or are clearly related to the experience? 	0.541771435
Trouble concentrating on things, such as reading the newspaper or watching television?	Having powerful images or memories that sometimes come into your mind in which you feel the experience is happening again in the here and now?	0.566095424
Trouble concentrating on things, such as reading the newspaper or watching television?	Avoiding internal reminders of the experience (for example, thoughts, feelings, or physical sensations)?	0.564861126
Trouble concentrating on things, such as reading the newspaper or watching television?	Avoiding external reminders of the experience (for example, people, places, conversations, objects, activities, or situations)?	0.569828805
Trouble concentrating on things, such as reading the newspaper or watching television?	Being “super-alert”, watchful, or on guard?	0.540595422
Trouble concentrating on things, such as reading the newspaper or watching television?	Feeling jumpy or easily startled?	0.619791725
Moving or speaking so slowly that other people could have noticed? Or the opposite - being so fidgety or restless that you have been moving around a lot more than usual?	Thoughts that you would be better off dead, or of hurting yourself in some way?	0.705147313
Moving or speaking so slowly that other people could have noticed? Or the opposite - being so fidgety or restless that you have been moving around a lot more than usual?	Feeling nervous, anxious or on edge?	0.582906629
Moving or speaking so slowly that other people could have noticed? Or the opposite - being so fidgety or restless that you have been moving around a lot more than usual?	Not being able to stop or control worrying?	0.605505298
Moving or speaking so slowly that other people could have noticed? Or the opposite - being so fidgety or restless that you have been moving around a lot more than usual?	Worrying too much about different things?	0.57639619
Moving or speaking so slowly that other people could have noticed? Or the opposite - being so fidgety or restless that you have been moving around a lot more than usual?	Trouble relaxing?	0.590020266
Moving or speaking so slowly that other people could have noticed? Or the opposite - being so fidgety or restless that you have been moving around a lot more than usual?	Being so restless that it is hard to sit still?	0.721497424
Moving or speaking so slowly that other people could have noticed? Or the opposite - being so fidgety or restless that you have been moving around a lot more than usual?	Becoming easily annoyed or irritable?	0.594201583
Moving or speaking so slowly that other people could have noticed? Or the opposite - being so fidgety or restless that you have been moving around a lot more than usual?	Feeling afraid as if something awful might happen?	0.639509274
Moving or speaking so slowly that other people could have noticed? Or the opposite - being so fidgety or restless that you have been moving around a lot more than usual?	Having upsetting dreams that replay part of the experience or are clearly related to the experience? 	0.603528001
Moving or speaking so slowly that other people could have noticed? Or the opposite - being so fidgety or restless that you have been moving around a lot more than usual?	Having powerful images or memories that sometimes come into your mind in which you feel the experience is happening again in the here and now?	0.612751427
Moving or speaking so slowly that other people could have noticed? Or the opposite - being so fidgety or restless that you have been moving around a lot more than usual?	Avoiding internal reminders of the experience (for example, thoughts, feelings, or physical sensations)?	0.601942813
Moving or speaking so slowly that other people could have noticed? Or the opposite - being so fidgety or restless that you have been moving around a lot more than usual?	Avoiding external reminders of the experience (for example, people, places, conversations, objects, activities, or situations)?	0.604370456
Moving or speaking so slowly that other people could have noticed? Or the opposite - being so fidgety or restless that you have been moving around a lot more than usual?	Being “super-alert”, watchful, or on guard?	0.567558698
Moving or speaking so slowly that other people could have noticed? Or the opposite - being so fidgety or restless that you have been moving around a lot more than usual?	Feeling jumpy or easily startled?	0.614801814
Thoughts that you would be better off dead, or of hurting yourself in some way?	Feeling nervous, anxious or on edge?	0.572172147
Thoughts that you would be better off dead, or of hurting yourself in some way?	Not being able to stop or control worrying?	0.602509203
Thoughts that you would be better off dead, or of hurting yourself in some way?	Worrying too much about different things?	0.588176259
Thoughts that you would be better off dead, or of hurting yourself in some way?	Trouble relaxing?	0.578748279
Thoughts that you would be better off dead, or of hurting yourself in some way?	Being so restless that it is hard to sit still?	0.669021659
Thoughts that you would be better off dead, or of hurting yourself in some way?	Becoming easily annoyed or irritable?	0.586596504
Thoughts that you would be better off dead, or of hurting yourself in some way?	Feeling afraid as if something awful might happen?	0.644707633
Thoughts that you would be better off dead, or of hurting yourself in some way?	Having upsetting dreams that replay part of the experience or are clearly related to the experience? 	0.575274427
Thoughts that you would be better off dead, or of hurting yourself in some way?	Having powerful images or memories that sometimes come into your mind in which you feel the experience is happening again in the here and now?	0.586491753
Thoughts that you would be better off dead, or of hurting yourself in some way?	Avoiding internal reminders of the experience (for example, thoughts, feelings, or physical sensations)?	0.592754726
Thoughts that you would be better off dead, or of hurting yourself in some way?	Avoiding external reminders of the experience (for example, people, places, conversations, objects, activities, or situations)?	0.581105181
Thoughts that you would be better off dead, or of hurting yourself in some way?	Being “super-alert”, watchful, or on guard?	0.531710748
Thoughts that you would be better off dead, or of hurting yourself in some way?	Feeling jumpy or easily startled?	0.57997785
Feeling nervous, anxious or on edge?	Not being able to stop or control worrying?	0.804425331
Feeling nervous, anxious or on edge?	Worrying too much about different things?	0.803223302
Feeling nervous, anxious or on edge?	Trouble relaxing?	0.766197716
Feeling nervous, anxious or on edge?	Being so restless that it is hard to sit still?	0.659842593
Feeling nervous, anxious or on edge?	Becoming easily annoyed or irritable?	0.718932312
Feeling nervous, anxious or on edge?	Feeling afraid as if something awful might happen?	0.760266346
Feeling nervous, anxious or on edge?	Having upsetting dreams that replay part of the experience or are clearly related to the experience? 	0.54988859
Feeling nervous, anxious or on edge?	Having powerful images or memories that sometimes come into your mind in which you feel the experience is happening again in the here and now?	0.552707274
Feeling nervous, anxious or on edge?	Avoiding internal reminders of the experience (for example, thoughts, feelings, or physical sensations)?	0.557216968
Feeling nervous, anxious or on edge?	Avoiding external reminders of the experience (for example, people, places, conversations, objects, activities, or situations)?	0.558236005
Feeling nervous, anxious or on edge?	Being “super-alert”, watchful, or on guard?	0.556029263
Feeling nervous, anxious or on edge?	Feeling jumpy or easily startled?	0.64365786
Not being able to stop or control worrying?	Worrying too much about different things?	0.842237422
Not being able to stop or control worrying?	Trouble relaxing?	0.754969194
Not being able to stop or control worrying?	Being so restless that it is hard to sit still?	0.680770681
Not being able to stop or control worrying?	Becoming easily annoyed or irritable?	0.717064559
Not being able to stop or control worrying?	Feeling afraid as if something awful might happen?	0.782827593
Not being able to stop or control worrying?	Having upsetting dreams that replay part of the experience or are clearly related to the experience? 	0.555971154
Not being able to stop or control worrying?	Having powerful images or memories that sometimes come into your mind in which you feel the experience is happening again in the here and now?	0.562393593
Not being able to stop or control worrying?	Avoiding internal reminders of the experience (for example, thoughts, feelings, or physical sensations)?	0.575742442
Not being able to stop or control worrying?	Avoiding external reminders of the experience (for example, people, places, conversations, objects, activities, or situations)?	0.5775367
Not being able to stop or control worrying?	Being “super-alert”, watchful, or on guard?	0.560162541
Not being able to stop or control worrying?	Feeling jumpy or easily startled?	0.630389558
Worrying too much about different things?	Trouble relaxing?	0.775418341
Worrying too much about different things?	Being so restless that it is hard to sit still?	0.658116626
Worrying too much about different things?	Becoming easily annoyed or irritable?	0.706642551
Worrying too much about different things?	Feeling afraid as if something awful might happen?	0.771356807
Worrying too much about different things?	Having upsetting dreams that replay part of the experience or are clearly related to the experience? 	0.542864677
Worrying too much about different things?	Having powerful images or memories that sometimes come into your mind in which you feel the experience is happening again in the here and now?	0.551834314
Worrying too much about different things?	Avoiding internal reminders of the experience (for example, thoughts, feelings, or physical sensations)?	0.569394608
Worrying too much about different things?	Avoiding external reminders of the experience (for example, people, places, conversations, objects, activities, or situations)?	0.566049508
Worrying too much about different things?	Being “super-alert”, watchful, or on guard?	0.562982907
Worrying too much about different things?	Feeling jumpy or easily startled?	0.629161101
Have had difficulty concentrating?	Felt nervous or anxious?	0.689960525
Have had difficulty concentrating?	Worried a lot about different things?	0.700593118
Have had difficulty concentrating?	Felt physically tense or agitated?	0.734099744
Have had difficulty concentrating?	Felt your heart racing, difficulty breathing, stomach discomfort, or dry mouth?	0.675156396
Have had difficulty concentrating?	Felt “on edge”?	0.709789413
Have had difficulty concentrating?	Had difficulty concentrating?	0.853926792
Have had difficulty concentrating?	Been easily annoyed by different things?	0.707189131
Have had difficulty concentrating?	Experienced sleep disturbances?	0.645830351
Have had difficulty concentrating?	Little interest or pleasure in doing things?	0.707297511
Have had difficulty concentrating?	Feeling down, depressed, or hopeless?	0.699633437
Have had difficulty concentrating?	Trouble falling or staying asleep, or sleeping too much?	0.587278048
Have had difficulty concentrating?	Feeling tired or having little energy?	0.651327477
Have had difficulty concentrating?	Poor appetite or overeating?	0.629628649
Have had difficulty concentrating?	Feeling bad about yourself - or that you are a failure or have let yourself or your family down?	0.684289309
Have had difficulty concentrating?	Trouble concentrating on things, such as reading the newspaper or watching television?	0.78368436
Have had difficulty concentrating?	Moving or speaking so slowly that other people could have noticed? Or the opposite - being so fidgety or restless that you have been moving around a lot more than usual?	0.623111588
Have had difficulty concentrating?	Thoughts that you would be better off dead, or of hurting yourself in some way?	0.584938607
Have had difficulty concentrating?	Feeling nervous, anxious or on edge?	0.69770089
Have had difficulty concentrating?	Not being able to stop or control worrying?	0.686157723
Have had difficulty concentrating?	Worrying too much about different things?	0.688169467
Have had difficulty concentrating?	Trouble relaxing?	0.716993867
Have had difficulty concentrating?	Being so restless that it is hard to sit still?	0.665515706
Have had difficulty concentrating?	Becoming easily annoyed or irritable?	0.671739083
Have had difficulty concentrating?	Feeling afraid as if something awful might happen?	0.65300888
Have had difficulty concentrating?	Having upsetting dreams that replay part of the experience or are clearly related to the experience? 	0.558656341
Have had difficulty concentrating?	Having powerful images or memories that sometimes come into your mind in which you feel the experience is happening again in the here and now?	0.574969354
Have had difficulty concentrating?	Avoiding internal reminders of the experience (for example, thoughts, feelings, or physical sensations)?	0.583241502
Have had difficulty concentrating?	Avoiding external reminders of the experience (for example, people, places, conversations, objects, activities, or situations)?	0.589977498
Have had difficulty concentrating?	Being “super-alert”, watchful, or on guard?	0.558117693
Have had difficulty concentrating?	Feeling jumpy or easily startled?	0.637536852
Have had difficulty concentrating?	Had feelings of worthlessness or guilt?	0.75889531
Have had difficulty concentrating?	Felt hopeless?	0.745895399
Have had difficulty concentrating?	Had recurrent thoughts of death or suicide?	0.63474406
Have had difficulty concentrating?	Have had changes in appetite or sleep?	0.70242625
Have had difficulty concentrating?	Moved slower or felt more restless?	0.740458867
Have had difficulty concentrating?	Experienced reduced energy or fatigue?	0.742805978
Trouble relaxing?	Being so restless that it is hard to sit still?	0.712674102
Trouble relaxing?	Becoming easily annoyed or irritable?	0.710680287
Trouble relaxing?	Feeling afraid as if something awful might happen?	0.708952659
Trouble relaxing?	Having upsetting dreams that replay part of the experience or are clearly related to the experience? 	0.536375784
Trouble relaxing?	Having powerful images or memories that sometimes come into your mind in which you feel the experience is happening again in the here and now?	0.544087717
Trouble relaxing?	Avoiding internal reminders of the experience (for example, thoughts, feelings, or physical sensations)?	0.571473521
Trouble relaxing?	Avoiding external reminders of the experience (for example, people, places, conversations, objects, activities, or situations)?	0.566106552
Trouble relaxing?	Being “super-alert”, watchful, or on guard?	0.565123232
Trouble relaxing?	Feeling jumpy or easily startled?	0.637152388
Being so restless that it is hard to sit still?	Becoming easily annoyed or irritable?	0.659595975
Being so restless that it is hard to sit still?	Feeling afraid as if something awful might happen?	0.697245001
Being so restless that it is hard to sit still?	Having upsetting dreams that replay part of the experience or are clearly related to the experience? 	0.584659443
Being so restless that it is hard to sit still?	Having powerful images or memories that sometimes come into your mind in which you feel the experience is happening again in the here and now?	0.59704526
Being so restless that it is hard to sit still?	Avoiding internal reminders of the experience (for example, thoughts, feelings, or physical sensations)?	0.61355586
Being so restless that it is hard to sit still?	Avoiding external reminders of the experience (for example, people, places, conversations, objects, activities, or situations)?	0.615640786
Being so restless that it is hard to sit still?	Being “super-alert”, watchful, or on guard?	0.584179701
Being so restless that it is hard to sit still?	Feeling jumpy or easily startled?	0.64957268
Becoming easily annoyed or irritable?	Feeling afraid as if something awful might happen?	0.690167385
Becoming easily annoyed or irritable?	Having upsetting dreams that replay part of the experience or are clearly related to the experience? 	0.508884503
Becoming easily annoyed or irritable?	Having powerful images or memories that sometimes come into your mind in which you feel the experience is happening again in the here and now?	0.529483858
Becoming easily annoyed or irritable?	Avoiding internal reminders of the experience (for example, thoughts, feelings, or physical sensations)?	0.535407929
Becoming easily annoyed or irritable?	Avoiding external reminders of the experience (for example, people, places, conversations, objects, activities, or situations)?	0.536363569
Becoming easily annoyed or irritable?	Being “super-alert”, watchful, or on guard?	0.526872289
Becoming easily annoyed or irritable?	Feeling jumpy or easily startled?	0.606688662
Feeling afraid as if something awful might happen?	Having upsetting dreams that replay part of the experience or are clearly related to the experience? 	0.57208871
Feeling afraid as if something awful might happen?	Having powerful images or memories that sometimes come into your mind in which you feel the experience is happening again in the here and now?	0.610841486
Feeling afraid as if something awful might happen?	Avoiding internal reminders of the experience (for example, thoughts, feelings, or physical sensations)?	0.603234884
Feeling afraid as if something awful might happen?	Avoiding external reminders of the experience (for example, people, places, conversations, objects, activities, or situations)?	0.595425884
Feeling afraid as if something awful might happen?	Being “super-alert”, watchful, or on guard?	0.602038155
Feeling afraid as if something awful might happen?	Feeling jumpy or easily startled?	0.670452293
Having upsetting dreams that replay part of the experience or are clearly related to the experience? 	Having powerful images or memories that sometimes come into your mind in which you feel the experience is happening again in the here and now?	0.797585905
Having upsetting dreams that replay part of the experience or are clearly related to the experience? 	Avoiding internal reminders of the experience (for example, thoughts, feelings, or physical sensations)?	0.777262125
Having upsetting dreams that replay part of the experience or are clearly related to the experience? 	Avoiding external reminders of the experience (for example, people, places, conversations, objects, activities, or situations)?	0.769413421
Having upsetting dreams that replay part of the experience or are clearly related to the experience? 	Being “super-alert”, watchful, or on guard?	0.67212202
Having upsetting dreams that replay part of the experience or are clearly related to the experience? 	Feeling jumpy or easily startled?	0.692056182
Having powerful images or memories that sometimes come into your mind in which you feel the experience is happening again in the here and now?	Avoiding internal reminders of the experience (for example, thoughts, feelings, or physical sensations)?	0.825651646
Having powerful images or memories that sometimes come into your mind in which you feel the experience is happening again in the here and now?	Avoiding external reminders of the experience (for example, people, places, conversations, objects, activities, or situations)?	0.810002927
Having powerful images or memories that sometimes come into your mind in which you feel the experience is happening again in the here and now?	Being “super-alert”, watchful, or on guard?	0.696960027
Having powerful images or memories that sometimes come into your mind in which you feel the experience is happening again in the here and now?	Feeling jumpy or easily startled?	0.728783485
Avoiding internal reminders of the experience (for example, thoughts, feelings, or physical sensations)?	Avoiding external reminders of the experience (for example, people, places, conversations, objects, activities, or situations)?	0.876053097
Avoiding internal reminders of the experience (for example, thoughts, feelings, or physical sensations)?	Being “super-alert”, watchful, or on guard?	0.712413479
Avoiding internal reminders of the experience (for example, thoughts, feelings, or physical sensations)?	Feeling jumpy or easily startled?	0.727502546
Avoiding external reminders of the experience (for example, people, places, conversations, objects, activities, or situations)?	Being “super-alert”, watchful, or on guard?	0.724035635
Avoiding external reminders of the experience (for example, people, places, conversations, objects, activities, or situations)?	Feeling jumpy or easily startled?	0.73601925
Being “super-alert”, watchful, or on guard?	Feeling jumpy or easily startled?	0.762135112
Had feelings of worthlessness or guilt?	Felt nervous or anxious?	0.681904797
Had feelings of worthlessness or guilt?	Worried a lot about different things?	0.704837091
Had feelings of worthlessness or guilt?	Felt physically tense or agitated?	0.726244525
Had feelings of worthlessness or guilt?	Felt your heart racing, difficulty breathing, stomach discomfort, or dry mouth?	0.680469684
Had feelings of worthlessness or guilt?	Felt “on edge”?	0.725283491
Had feelings of worthlessness or guilt?	Had difficulty concentrating?	0.736087751
Had feelings of worthlessness or guilt?	Been easily annoyed by different things?	0.691489538
Had feelings of worthlessness or guilt?	Experienced sleep disturbances?	0.612653859
Had feelings of worthlessness or guilt?	Little interest or pleasure in doing things?	0.713952428
Had feelings of worthlessness or guilt?	Feeling down, depressed, or hopeless?	0.74413828
Had feelings of worthlessness or guilt?	Trouble falling or staying asleep, or sleeping too much?	0.542812146
Had feelings of worthlessness or guilt?	Feeling tired or having little energy?	0.607344073
Had feelings of worthlessness or guilt?	Poor appetite or overeating?	0.628598925
Had feelings of worthlessness or guilt?	Feeling bad about yourself - or that you are a failure or have let yourself or your family down?	0.809254258
Had feelings of worthlessness or guilt?	Trouble concentrating on things, such as reading the newspaper or watching television?	0.69604944
Had feelings of worthlessness or guilt?	Moving or speaking so slowly that other people could have noticed? Or the opposite - being so fidgety or restless that you have been moving around a lot more than usual?	0.646176253
Had feelings of worthlessness or guilt?	Thoughts that you would be better off dead, or of hurting yourself in some way?	0.660682926
Had feelings of worthlessness or guilt?	Feeling nervous, anxious or on edge?	0.709367705
Had feelings of worthlessness or guilt?	Not being able to stop or control worrying?	0.729009088
Had feelings of worthlessness or guilt?	Worrying too much about different things?	0.702961773
Had feelings of worthlessness or guilt?	Trouble relaxing?	0.682403195
Had feelings of worthlessness or guilt?	Being so restless that it is hard to sit still?	0.671705196
Had feelings of worthlessness or guilt?	Becoming easily annoyed or irritable?	0.668509374
Had feelings of worthlessness or guilt?	Feeling afraid as if something awful might happen?	0.721012077
Had feelings of worthlessness or guilt?	Having upsetting dreams that replay part of the experience or are clearly related to the experience? 	0.604546554
Had feelings of worthlessness or guilt?	Having powerful images or memories that sometimes come into your mind in which you feel the experience is happening again in the here and now?	0.629978626
Had feelings of worthlessness or guilt?	Avoiding internal reminders of the experience (for example, thoughts, feelings, or physical sensations)?	0.641075858
Had feelings of worthlessness or guilt?	Avoiding external reminders of the experience (for example, people, places, conversations, objects, activities, or situations)?	0.640911828
Had feelings of worthlessness or guilt?	Being “super-alert”, watchful, or on guard?	0.608193529
Had feelings of worthlessness or guilt?	Feeling jumpy or easily startled?	0.66408027
Had feelings of worthlessness or guilt?	Felt hopeless?	0.856530733
Had feelings of worthlessness or guilt?	Had recurrent thoughts of death or suicide?	0.715999848
Had feelings of worthlessness or guilt?	Have had changes in appetite or sleep?	0.664749029
Had feelings of worthlessness or guilt?	Moved slower or felt more restless?	0.714700521
Had feelings of worthlessness or guilt?	Experienced reduced energy or fatigue?	0.691719658
Felt hopeless?	Felt nervous or anxious?	0.676419681
Felt hopeless?	Worried a lot about different things?	0.707154093
Felt hopeless?	Felt physically tense or agitated?	0.739437642
Felt hopeless?	Felt your heart racing, difficulty breathing, stomach discomfort, or dry mouth?	0.684497102
Felt hopeless?	Felt “on edge”?	0.720789929
Felt hopeless?	Had difficulty concentrating?	0.725742992
Felt hopeless?	Been easily annoyed by different things?	0.684023908
Felt hopeless?	Experienced sleep disturbances?	0.605123426
Felt hopeless?	Little interest or pleasure in doing things?	0.714325095
Felt hopeless?	Feeling down, depressed, or hopeless?	0.756563263
Felt hopeless?	Trouble falling or staying asleep, or sleeping too much?	0.550722093
Felt hopeless?	Feeling tired or having little energy?	0.595148831
Felt hopeless?	Poor appetite or overeating?	0.623836752
Felt hopeless?	Feeling bad about yourself - or that you are a failure or have let yourself or your family down?	0.786861721
Felt hopeless?	Trouble concentrating on things, such as reading the newspaper or watching television?	0.700016779
Felt hopeless?	Moving or speaking so slowly that other people could have noticed? Or the opposite - being so fidgety or restless that you have been moving around a lot more than usual?	0.644784444
Felt hopeless?	Thoughts that you would be better off dead, or of hurting yourself in some way?	0.668572493
Felt hopeless?	Feeling nervous, anxious or on edge?	0.708545343
Felt hopeless?	Not being able to stop or control worrying?	0.737390285
Felt hopeless?	Worrying too much about different things?	0.718828761
Felt hopeless?	Trouble relaxing?	0.692421973
Felt hopeless?	Being so restless that it is hard to sit still?	0.679781904
Felt hopeless?	Becoming easily annoyed or irritable?	0.665397114
Felt hopeless?	Feeling afraid as if something awful might happen?	0.720478736
Felt hopeless?	Having upsetting dreams that replay part of the experience or are clearly related to the experience? 	0.607416678
Felt hopeless?	Having powerful images or memories that sometimes come into your mind in which you feel the experience is happening again in the here and now?	0.623904588
Felt hopeless?	Avoiding internal reminders of the experience (for example, thoughts, feelings, or physical sensations)?	0.651783638
Felt hopeless?	Avoiding external reminders of the experience (for example, people, places, conversations, objects, activities, or situations)?	0.643309116
Felt hopeless?	Being “super-alert”, watchful, or on guard?	0.619944096
Felt hopeless?	Feeling jumpy or easily startled?	0.671690133
Felt hopeless?	Had recurrent thoughts of death or suicide?	0.728029759
Felt hopeless?	Have had changes in appetite or sleep?	0.684169104
Felt hopeless?	Moved slower or felt more restless?	0.717048301
Felt hopeless?	Experienced reduced energy or fatigue?	0.679820963
Had recurrent thoughts of death or suicide?	Felt nervous or anxious?	0.550976062
Had recurrent thoughts of death or suicide?	Worried a lot about different things?	0.561408325
Had recurrent thoughts of death or suicide?	Felt physically tense or agitated?	0.613968923
Had recurrent thoughts of death or suicide?	Felt your heart racing, difficulty breathing, stomach discomfort, or dry mouth?	0.651714864
Had recurrent thoughts of death or suicide?	Felt “on edge”?	0.626067864
Had recurrent thoughts of death or suicide?	Had difficulty concentrating?	0.619810238
Had recurrent thoughts of death or suicide?	Been easily annoyed by different things?	0.580932206
Had recurrent thoughts of death or suicide?	Experienced sleep disturbances?	0.51966544
Had recurrent thoughts of death or suicide?	Little interest or pleasure in doing things?	0.601206174
Had recurrent thoughts of death or suicide?	Feeling down, depressed, or hopeless?	0.598461066
Had recurrent thoughts of death or suicide?	Trouble falling or staying asleep, or sleeping too much?	0.462780953
Had recurrent thoughts of death or suicide?	Feeling tired or having little energy?	0.470388875
Had recurrent thoughts of death or suicide?	Poor appetite or overeating?	0.562295336
Had recurrent thoughts of death or suicide?	Feeling bad about yourself - or that you are a failure or have let yourself or your family down?	0.647302386
Had recurrent thoughts of death or suicide?	Trouble concentrating on things, such as reading the newspaper or watching television?	0.600127384
Had recurrent thoughts of death or suicide?	Moving or speaking so slowly that other people could have noticed? Or the opposite - being so fidgety or restless that you have been moving around a lot more than usual?	0.690019313
Had recurrent thoughts of death or suicide?	Thoughts that you would be better off dead, or of hurting yourself in some way?	0.809585321
Had recurrent thoughts of death or suicide?	Feeling nervous, anxious or on edge?	0.570943284
Had recurrent thoughts of death or suicide?	Not being able to stop or control worrying?	0.594019582
Had recurrent thoughts of death or suicide?	Worrying too much about different things?	0.575019927
Had recurrent thoughts of death or suicide?	Trouble relaxing?	0.565533914
Had recurrent thoughts of death or suicide?	Being so restless that it is hard to sit still?	0.648801984
Had recurrent thoughts of death or suicide?	Becoming easily annoyed or irritable?	0.563123904
Had recurrent thoughts of death or suicide?	Feeling afraid as if something awful might happen?	0.643318604
Had recurrent thoughts of death or suicide?	Having upsetting dreams that replay part of the experience or are clearly related to the experience? 	0.631996486
Had recurrent thoughts of death or suicide?	Having powerful images or memories that sometimes come into your mind in which you feel the experience is happening again in the here and now?	0.626371274
Had recurrent thoughts of death or suicide?	Avoiding internal reminders of the experience (for example, thoughts, feelings, or physical sensations)?	0.643475864
Had recurrent thoughts of death or suicide?	Avoiding external reminders of the experience (for example, people, places, conversations, objects, activities, or situations)?	0.635788232
Had recurrent thoughts of death or suicide?	Being “super-alert”, watchful, or on guard?	0.58174212
Had recurrent thoughts of death or suicide?	Feeling jumpy or easily startled?	0.625320823
Had recurrent thoughts of death or suicide?	Have had changes in appetite or sleep?	0.63353097
Had recurrent thoughts of death or suicide?	Moved slower or felt more restless?	0.690854997
Had recurrent thoughts of death or suicide?	Experienced reduced energy or fatigue?	0.571416748
Have had changes in appetite or sleep?	Felt nervous or anxious?	0.615522505
Have had changes in appetite or sleep?	Worried a lot about different things?	0.631103398
Have had changes in appetite or sleep?	Felt physically tense or agitated?	0.669034781
Have had changes in appetite or sleep?	Felt your heart racing, difficulty breathing, stomach discomfort, or dry mouth?	0.661313007
Have had changes in appetite or sleep?	Felt “on edge”?	0.658746705
Have had changes in appetite or sleep?	Had difficulty concentrating?	0.681251282
Have had changes in appetite or sleep?	Been easily annoyed by different things?	0.655469404
Have had changes in appetite or sleep?	Experienced sleep disturbances?	0.710652053
Have had changes in appetite or sleep?	Little interest or pleasure in doing things?	0.64776154
Have had changes in appetite or sleep?	Feeling down, depressed, or hopeless?	0.647898817
Have had changes in appetite or sleep?	Trouble falling or staying asleep, or sleeping too much?	0.665122901
Have had changes in appetite or sleep?	Feeling tired or having little energy?	0.621847335
Have had changes in appetite or sleep?	Poor appetite or overeating?	0.684912878
Have had changes in appetite or sleep?	Feeling bad about yourself - or that you are a failure or have let yourself or your family down?	0.618588104
Have had changes in appetite or sleep?	Trouble concentrating on things, such as reading the newspaper or watching television?	0.656250311
Have had changes in appetite or sleep?	Moving or speaking so slowly that other people could have noticed? Or the opposite - being so fidgety or restless that you have been moving around a lot more than usual?	0.597825524
Have had changes in appetite or sleep?	Thoughts that you would be better off dead, or of hurting yourself in some way?	0.572712183
Have had changes in appetite or sleep?	Feeling nervous, anxious or on edge?	0.634448175
Have had changes in appetite or sleep?	Not being able to stop or control worrying?	0.607916394
Have had changes in appetite or sleep?	Worrying too much about different things?	0.626599973
Have had changes in appetite or sleep?	Trouble relaxing?	0.651090339
Have had changes in appetite or sleep?	Being so restless that it is hard to sit still?	0.628778413
Have had changes in appetite or sleep?	Becoming easily annoyed or irritable?	0.621107835
Have had changes in appetite or sleep?	Feeling afraid as if something awful might happen?	0.620671734
Have had changes in appetite or sleep?	Having upsetting dreams that replay part of the experience or are clearly related to the experience? 	0.565620458
Have had changes in appetite or sleep?	Having powerful images or memories that sometimes come into your mind in which you feel the experience is happening again in the here and now?	0.594095643
Have had changes in appetite or sleep?	Avoiding internal reminders of the experience (for example, thoughts, feelings, or physical sensations)?	0.604737148
Have had changes in appetite or sleep?	Avoiding external reminders of the experience (for example, people, places, conversations, objects, activities, or situations)?	0.604065278
Have had changes in appetite or sleep?	Being “super-alert”, watchful, or on guard?	0.545996724
Have had changes in appetite or sleep?	Feeling jumpy or easily startled?	0.618436911
Have had changes in appetite or sleep?	Moved slower or felt more restless?	0.730015869
Have had changes in appetite or sleep?	Experienced reduced energy or fatigue?	0.707283408
Moved slower or felt more restless?	Felt nervous or anxious?	0.610126706
Moved slower or felt more restless?	Worried a lot about different things?	0.62897635
Moved slower or felt more restless?	Felt physically tense or agitated?	0.68397592
Moved slower or felt more restless?	Felt your heart racing, difficulty breathing, stomach discomfort, or dry mouth?	0.668358264
Moved slower or felt more restless?	Felt “on edge”?	0.664226517
Moved slower or felt more restless?	Had difficulty concentrating?	0.716182933
Moved slower or felt more restless?	Been easily annoyed by different things?	0.656911105
Moved slower or felt more restless?	Experienced sleep disturbances?	0.612938884
Moved slower or felt more restless?	Little interest or pleasure in doing things?	0.648175685
Moved slower or felt more restless?	Feeling down, depressed, or hopeless?	0.647102088
Moved slower or felt more restless?	Trouble falling or staying asleep, or sleeping too much?	0.560282256
Moved slower or felt more restless?	Feeling tired or having little energy?	0.596707025
Moved slower or felt more restless?	Poor appetite or overeating?	0.655695895
Moved slower or felt more restless?	Feeling bad about yourself - or that you are a failure or have let yourself or your family down?	0.637148446
Moved slower or felt more restless?	Trouble concentrating on things, such as reading the newspaper or watching television?	0.677993415
Moved slower or felt more restless?	Moving or speaking so slowly that other people could have noticed? Or the opposite - being so fidgety or restless that you have been moving around a lot more than usual?	0.702468914
Moved slower or felt more restless?	Thoughts that you would be better off dead, or of hurting yourself in some way?	0.625065864
Moved slower or felt more restless?	Feeling nervous, anxious or on edge?	0.620725049
Moved slower or felt more restless?	Not being able to stop or control worrying?	0.618137421
Moved slower or felt more restless?	Worrying too much about different things?	0.622703475
Moved slower or felt more restless?	Trouble relaxing?	0.631761728
Moved slower or felt more restless?	Being so restless that it is hard to sit still?	0.694809617
Moved slower or felt more restless?	Becoming easily annoyed or irritable?	0.611963391
Moved slower or felt more restless?	Feeling afraid as if something awful might happen?	0.635154569
Moved slower or felt more restless?	Having upsetting dreams that replay part of the experience or are clearly related to the experience? 	0.579508341
Moved slower or felt more restless?	Having powerful images or memories that sometimes come into your mind in which you feel the experience is happening again in the here and now?	0.609101302
Moved slower or felt more restless?	Avoiding internal reminders of the experience (for example, thoughts, feelings, or physical sensations)?	0.627254542
Moved slower or felt more restless?	Avoiding external reminders of the experience (for example, people, places, conversations, objects, activities, or situations)?	0.624618896
Moved slower or felt more restless?	Being “super-alert”, watchful, or on guard?	0.584395402
Moved slower or felt more restless?	Feeling jumpy or easily startled?	0.64258156
Moved slower or felt more restless?	Experienced reduced energy or fatigue?	0.718435125
Experienced reduced energy or fatigue?	Felt nervous or anxious?	0.67921521
Experienced reduced energy or fatigue?	Worried a lot about different things?	0.681543211
Experienced reduced energy or fatigue?	Felt physically tense or agitated?	0.710427427
Experienced reduced energy or fatigue?	Felt your heart racing, difficulty breathing, stomach discomfort, or dry mouth?	0.653315203
Experienced reduced energy or fatigue?	Felt “on edge”?	0.686146454
Experienced reduced energy or fatigue?	Had difficulty concentrating?	0.726523186
Experienced reduced energy or fatigue?	Been easily annoyed by different things?	0.701054007
Experienced reduced energy or fatigue?	Experienced sleep disturbances?	0.681055915
Experienced reduced energy or fatigue?	Little interest or pleasure in doing things?	0.688920327
Experienced reduced energy or fatigue?	Feeling down, depressed, or hopeless?	0.675507186
Experienced reduced energy or fatigue?	Trouble falling or staying asleep, or sleeping too much?	0.638626004
Experienced reduced energy or fatigue?	Feeling tired or having little energy?	0.784539657
Experienced reduced energy or fatigue?	Poor appetite or overeating?	0.638890817
Experienced reduced energy or fatigue?	Feeling bad about yourself - or that you are a failure or have let yourself or your family down?	0.640562382
Experienced reduced energy or fatigue?	Trouble concentrating on things, such as reading the newspaper or watching television?	0.674180832
Experienced reduced energy or fatigue?	Moving or speaking so slowly that other people could have noticed? Or the opposite - being so fidgety or restless that you have been moving around a lot more than usual?	0.552344242
Experienced reduced energy or fatigue?	Thoughts that you would be better off dead, or of hurting yourself in some way?	0.523877645
Experienced reduced energy or fatigue?	Feeling nervous, anxious or on edge?	0.672858758
Experienced reduced energy or fatigue?	Not being able to stop or control worrying?	0.641841562
Experienced reduced energy or fatigue?	Worrying too much about different things?	0.665974026
Experienced reduced energy or fatigue?	Trouble relaxing?	0.673801835
Experienced reduced energy or fatigue?	Being so restless that it is hard to sit still?	0.59916544
Experienced reduced energy or fatigue?	Becoming easily annoyed or irritable?	0.657062464
Experienced reduced energy or fatigue?	Feeling afraid as if something awful might happen?	0.619240149
Experienced reduced energy or fatigue?	Having upsetting dreams that replay part of the experience or are clearly related to the experience? 	0.512175024
Experienced reduced energy or fatigue?	Having powerful images or memories that sometimes come into your mind in which you feel the experience is happening again in the here and now?	0.530527506
Experienced reduced energy or fatigue?	Avoiding internal reminders of the experience (for example, thoughts, feelings, or physical sensations)?	0.544454477
Experienced reduced energy or fatigue?	Avoiding external reminders of the experience (for example, people, places, conversations, objects, activities, or situations)?	0.542928125
Experienced reduced energy or fatigue?	Being “super-alert”, watchful, or on guard?	0.51966545
Experienced reduced energy or fatigue?	Feeling jumpy or easily startled?	0.594312923
